"","pgID","interpChr","interpOrd","og","repGene","genome","chr","start","end","hap1","salicifolius","hap2","region"
"1",56,"X",40,18179,"NChap1_final_00000040","hap1","X",785078,787088,"NChap1_final_00000040","R_salicifolius_00022258","","PAR1"
"2",74,"X",59,18237,"NChap1_final_00000059","hap1","X",943180,945520,"NChap1_final_00000059","R_salicifolius_00022268","","PAR1"
"3",195,"X",158,17159,"NChap1_final_00000158","hap1","X",2067286,2069908,"NChap1_final_00000158","R_salicifolius_00022420","","PAR1"
"4",224,"X",185,17266,"NChap1_final_00000185","hap1","X",2302330,2305035,"NChap1_final_00000185","R_salicifolius_00022432","","PAR1"
"5",226,"X",186,17272,"NChap1_final_00000186","hap1","X",2306780,2309863,"NChap1_final_00000186","R_salicifolius_00022433","","PAR1"
"6",257,"X",213,17377,"NChap1_final_00000213","hap1","X",2750134,2753132,"NChap1_final_00000213","R_salicifolius_00022452","","PAR1"
"7",261,"X",216,17387,"NChap1_final_00000216","hap1","X",2766497,2774933,"NChap1_final_00000216","R_salicifolius_00022455","","PAR1"
"8",345,"X",287,17722,"NChap1_final_00000287","hap1","X",3539305,3541063,"NChap1_final_00000287","R_salicifolius_00022508","","PAR1"
"9",574,"X",461,18182,"NChap1_final_00000461","hap1","X",6317466,6319312,"NChap1_final_00000461","R_salicifolius_00022304","","PAR1"
"10",850,"X",694,18135,"NChap1_final_00000694","hap1","X",10036694,10037906,"NChap1_final_00000694","R_salicifolius_00023268","","PAR1"
"11",884,"X",721,18212,"NChap1_final_00000721","hap1","X",10606089,10607018,"NChap1_final_00000721","R_salicifolius_00023252","","PAR1"
"12",993,"X",810,18197,"NChap1_final_00000810","hap1","X",12055872,12061083,"NChap1_final_00000810","R_salicifolius_00023145","","PAR1"
"13",1009,"X",820,18234,"NChap1_final_00000820","hap1","X",12271667,12274149,"NChap1_final_00000820","R_salicifolius_00023163","","PAR1"
"14",1390,"X",1070,16904,"NChap1_final_00001070","hap1","X",16706512,16709212,"NChap1_final_00001070","R_salicifolius_00023568","","PAR1"
"15",1542,"X",1229,16990,"NChap1_final_00001229","hap1","X",20764016,20768090,"NChap1_final_00001229","R_salicifolius_00023023","","PAR1"
"16",1795,"X",1418,17073,"NChap1_final_00001418","hap1","X",26201466,26206423,"NChap1_final_00001418","R_salicifolius_00022943","","PAR1"
"17",1986,"X",1554,17095,"NChap1_final_00001554","hap1","X",30157654,30162264,"NChap1_final_00001554","R_salicifolius_00022873","","PAR1"
"18",2175,"X",1692,17108,"NChap1_final_00001692","hap1","X",35066679,35067972,"NChap1_final_00001692","R_salicifolius_00022835","","PAR1"
"19",2180,"X",1696,17121,"NChap1_final_00001696","hap1","X",35174593,35178209,"NChap1_final_00001696","R_salicifolius_00022840","","PAR1"
"20",2528,"X",1981,17214,"NChap1_final_00001981","hap1","X",45268184,45273469,"NChap1_final_00001981","R_salicifolius_00022642","","PAR1"
"21",2772,"X",2182,17227,"NChap1_final_00002182","hap1","X",52989664,52991806,"NChap1_final_00002182","R_salicifolius_00022535","","PAR1"
"22",2902,"X",2264,17258,"NChap1_final_00002264","hap1","X",55947424,55951160,"NChap1_final_00002264","R_salicifolius_00023739","","PAR1"
"23",3171,"X",2425,17292,"NChap1_final_00002425","hap1","X",62547392,62556124,"NChap1_final_00002425","R_salicifolius_00023875","","PAR1"
"24",3273,"X",2498,17295,"NChap1_final_00002498","hap1","X",66988615,66991332,"NChap1_final_00002498","R_salicifolius_00023906","","PAR1"
"25",3747,"X",2826,17365,"NChap1_final_00002826","hap1","X",86321333,86327602,"NChap1_final_00002826","R_salicifolius_00021866","","OldX"
"26",3773,"X",2850,17367,"NChap1_final_00002850","hap1","X",88111523,88116378,"NChap1_final_00002850","R_salicifolius_00021878","","OldX"
"27",3777,"X",2854,17369,"NChap1_final_00002854","hap1","X",88361543,88368249,"NChap1_final_00002854","R_salicifolius_00021434","","OldX"
"28",3813,"X",2872,17376,"NChap1_final_00002872","hap1","X",89285136,89287914,"NChap1_final_00002872","R_salicifolius_00021451","","OldX"
"29",3846,"X",2898,17370,"NChap1_final_00002898","hap1","X",90376631,90385646,"NChap1_final_00002898","R_salicifolius_00021469","","OldX"
"30",3958,"X",2972.42857142857,17400,"NChap1_final_00002966","hap1","X",94302778,94307196,"NChap1_final_00002966","R_salicifolius_00021515","","OldX"
"31",4070,"X",3039,17442,"NChap1_final_00003039","hap1","X",97359502,97360694,"NChap1_final_00003039","R_salicifolius_00021550","","OldX"
"32",4109,"X",3070,17438,"NChap1_final_00003070","hap1","X",98291057,98292301,"NChap1_final_00003070","R_salicifolius_00021569","","OldX"
"33",4166,"X",3125,17511,"NChap1_final_00003125","hap1","X",99946372,99959567,"NChap1_final_00003125","R_salicifolius_00019116","","OldX"
"34",4206,"X",3155,17542,"NChap1_final_00003155","hap1","X",100811095,100815233,"NChap1_final_00003155","R_salicifolius_00019604","","OldX"
"35",4211,"X",3158,17544,"NChap1_final_00003158","hap1","X",100850578,100851917,"NChap1_final_00003158","R_salicifolius_00019608","","OldX"
"36",4244,"X",3190,17482,"NChap1_final_00003190","hap1","X",101936273,101938009,"NChap1_final_00003190","R_salicifolius_00019645","","OldX"
"37",4263,"X",3212,17549,"NChap1_final_00003212","hap1","X",102921621,102925685,"NChap1_final_00003212","R_salicifolius_00019101","","OldX"
"38",4265,"X",3214,17550,"NChap1_final_00003214","hap1","X",102932329,102934942,"NChap1_final_00003214","R_salicifolius_00019100","","OldX"
"39",4273,"X",3219,17558,"NChap1_final_00003219","hap1","X",102992878,102996281,"NChap1_final_00003219","R_salicifolius_00019093","","OldX"
"40",4278,"X",3225,17554,"NChap1_final_00003225","hap1","X",103058618,103061565,"NChap1_final_00003225","R_salicifolius_00019094","","OldX"
"41",4343,"X",3288,17540,"NChap1_final_00003288","hap1","X",104533689,104535114,"NChap1_final_00003288","R_salicifolius_00019041","","OldX"
"42",4349,"X",3293,17597,"NChap1_final_00003293","hap1","X",104682210,104685354,"NChap1_final_00003293","R_salicifolius_00019049","","OldX"
"43",4387,"X",3322,17626,"NChap1_final_00003322","hap1","X",105027522,105032198,"NChap1_final_00003322","R_salicifolius_00019035","","OldX"
"44",4433,"X",3353,17625,"NChap1_final_00003353","hap1","X",105735255,105740063,"NChap1_final_00003353","R_salicifolius_00018979","","OldX"
"45",4494,"X",3399,17632,"NChap1_final_00003399","hap1","X",106706339,106707990,"NChap1_final_00003399","R_salicifolius_00019902","","OldX"
"46",4504,"X",3406,17596,"NChap1_final_00003406","hap1","X",106884047,106886415,"NChap1_final_00003406","R_salicifolius_00019895","","OldX"
"47",4517,"X",3417,17637,"NChap1_final_00003417","hap1","X",107157094,107171958,"NChap1_final_00003417","R_salicifolius_00019887","","OldX"
"48",4563,"X",3460,17615,"NChap1_final_00003460","hap1","X",108659276,108661393,"NChap1_final_00003460","R_salicifolius_00019863","","OldX"
"49",4579,"X",3477,17643,"NChap1_final_00003477","hap1","X",109111834,109120755,"NChap1_final_00003477","R_salicifolius_00019856","","OldX"
"50",4632,"X",3528,17676,"NChap1_final_00003528","hap1","X",110642702,110644799,"NChap1_final_00003528","R_salicifolius_00019841","","OldX"
"51",4633,"X",3529,17666,"NChap1_final_00003529","hap1","X",110686239,110690308,"NChap1_final_00003529","R_salicifolius_00019842","","OldX"
"52",4641,"X",3537,17681,"NChap1_final_00003537","hap1","X",110852733,110854832,"NChap1_final_00003537","R_salicifolius_00019949","","OldX"
"53",4739,"X",3616,17702,"NChap1_final_00003616","hap1","X",112946216,112949909,"NChap1_final_00003616","R_salicifolius_00019998","","OldX"
"54",4781,"X",3653,17706,"NChap1_final_00003653","hap1","X",113696873,113702253,"NChap1_final_00003653","R_salicifolius_00019627","","OldX"
"55",4879,"X",3747,17771,"NChap1_final_00003747","hap1","X",119044758,119047604,"NChap1_final_00003747","R_salicifolius_00019706","","OldX"
"56",4904,"X",3771,17805,"NChap1_final_00003771","hap1","X",120896660,120900697,"NChap1_final_00003771","R_salicifolius_00019715","","OldX"
"57",4910,"X",3776,17766,"NChap1_final_00003776","hap1","X",121059427,121062320,"NChap1_final_00003776","R_salicifolius_00019719","","OldX"
"58",4921,"X",3783,17819,"NChap1_final_00003783","hap1","X",121795155,121802873,"NChap1_final_00003783","R_salicifolius_00019725","","OldX"
"59",4923,"X",3784,17820,"NChap1_final_00003784","hap1","X",121802935,121804553,"NChap1_final_00003784","R_salicifolius_00019727","","OldX"
"60",4925,"X",3786,17823,"NChap1_final_00003786","hap1","X",121843421,121844106,"NChap1_final_00003786","R_salicifolius_00019729","","OldX"
"61",4949,"X",3808,17803,"NChap1_final_00003808","hap1","X",123278722,123279614,"NChap1_final_00003808","R_salicifolius_00019742","","OldX"
"62",5002,"X",3843,17841,"NChap1_final_00003843","hap1","X",124951729,124956021,"NChap1_final_00003843","R_salicifolius_00019774","","OldX"
"63",5030,"X",3857,17833,"NChap1_final_00003857","hap1","X",125444521,125448795,"NChap1_final_00003857","R_salicifolius_00019780","","OldX"
"64",5130,"X",3928,17844,"NChap1_final_00003928","hap1","X",128354950,128373842,"NChap1_final_00003928","R_salicifolius_00018466","","OldX"
"65",5343,"X",4092,17885,"NChap1_final_00004092","hap1","X",133384718,133388250,"NChap1_final_00004092","R_salicifolius_00018584","","OldX"
"66",5705,"X",4302,17881,"NChap1_final_00004302","hap1","X",144144774,144146427,"NChap1_final_00004302","R_salicifolius_00019350","","OldX"
"67",5733,"X",4321,17880,"NChap1_final_00004321","hap1","X",145759601,145767847,"NChap1_final_00004321","R_salicifolius_00019333","","OldX"
"68",5846,"X",4392,17896,"NChap1_final_00004392","hap1","X",148187635,148193761,"NChap1_final_00004392","R_salicifolius_00018896","","OldX"
"69",5849,"X",4393,17897,"NChap1_final_00004393","hap1","X",148196132,148207512,"NChap1_final_00004393","R_salicifolius_00018902","","OldX"
"70",5885,"X",4414,17899,"NChap1_final_00004414","hap1","X",148726265,148728275,"NChap1_final_00004414","R_salicifolius_00018788","","OldX"
"71",5975,"X",4456,17890,"NChap1_final_00004456","hap1","X",149699877,149707459,"NChap1_final_00004456","R_salicifolius_00018853","","OldX"
"72",6008,"X",4476,17904,"NChap1_final_00004476","hap1","X",149952149,149955152,"NChap1_final_00004476","R_salicifolius_00018756","","OldX"
"73",6135,"X",4536,17903,"NChap1_final_00004536","hap1","X",152170279,152173261,"NChap1_final_00004536","R_salicifolius_00021287","","OldX"
"74",6180,"X",4564,17902,"NChap1_final_00004564","hap1","X",152849042,152853059,"NChap1_final_00004564","R_salicifolius_00021308","","OldX"
"75",6190,"X",4572,17905,"NChap1_final_00004572","hap1","X",153171225,153174900,"NChap1_final_00004572","R_salicifolius_00021315","","OldX"
"76",6236,"X",4592,17910,"NChap1_final_00004592","hap1","X",153758027,153771177,"NChap1_final_00004592","R_salicifolius_00021393","","OldX"
"77",6278,"X",4622,17924,"NChap1_final_00004622","hap1","X",155455071,155456671,"NChap1_final_00004622","R_salicifolius_00021402","","OldX"
"78",6301,"X",4639,17913,"NChap1_final_00004639","hap1","X",156179423,156182546,"NChap1_final_00004639","R_salicifolius_00021411","","OldX"
"79",6334,"X",4666,17920,"NChap1_final_00004666","hap1","X",157743880,157759502,"NChap1_final_00004666","R_salicifolius_00017890","","OldX"
"80",6348,"X",4675,17931,"NChap1_final_00004675","hap1","X",157929635,157944181,"NChap1_final_00004675","R_salicifolius_00017898","","OldX"
"81",6425,"X",4730,17944,"NChap1_final_00004730","hap1","X",159916520,159924788,"NChap1_final_00004730","R_salicifolius_00019928","","OldX"
"82",6441,"X",4744,17939,"NChap1_final_00004744","hap1","X",160376126,160376746,"NChap1_final_00004744","R_salicifolius_00019918","","OldX"
"83",6459,"X",4764,17934,"NChap1_final_00004764","hap1","X",160938011,160940249,"NChap1_final_00004764","R_salicifolius_00019293","","OldX"
"84",6479,"X",4786,17935,"NChap1_final_00004786","hap1","X",161726768,161729396,"NChap1_final_00004786","R_salicifolius_00019288","","OldX"
"85",6484,"X",4789,17933,"NChap1_final_00004789","hap1","X",161915936,161918326,"NChap1_final_00004789","R_salicifolius_00019285","","OldX"
"86",6576,"X",4854,17971,"NChap1_final_00004854","hap1","X",167008544,167011766,"NChap1_final_00004854","R_salicifolius_00019230","","OldX"
"87",6593,"X",4872,17982,"NChap1_final_00004872","hap1","X",168328815,168334697,"NChap1_final_00004872","R_salicifolius_00019590","","OldX"
"88",6601,"X",4882,17967,"NChap1_final_00004882","hap1","X",169437061,169440541,"NChap1_final_00004882","R_salicifolius_00019586","","OldX"
"89",6628,"X",4905,17966,"NChap1_final_00004905","hap1","X",170918532,170922241,"NChap1_final_00004905","R_salicifolius_00019576","","OldX"
"90",6656,"X",4925,17976,"NChap1_final_00004925","hap1","X",172637341,172641317,"NChap1_final_00004925","R_salicifolius_00019555","","OldX"
"91",6733,"X",4974,17989,"NChap1_final_00004974","hap1","X",174844589,174861471,"NChap1_final_00004974","R_salicifolius_00019493","","OldX"
"92",6777,"X",5015,18004,"NChap1_final_00005015","hap1","X",176655646,176657405,"NChap1_final_00005015","R_salicifolius_00019489","","OldX"
"93",6811,"X",5049,18001,"NChap1_final_00005049","hap1","X",180268315,180272245,"NChap1_final_00005049","R_salicifolius_00019467","","OldX"
"94",6853,"X",5067,18016,"NChap1_final_00005067","hap1","X",181820692,181824564,"NChap1_final_00005067","R_salicifolius_00019436","","OldX"
"95",6922,"X",5119,18035,"NChap1_final_00005119","hap1","X",183630337,183636174,"NChap1_final_00005119","R_salicifolius_00017854","","OldX"
"96",6959,"X",5143,18021,"NChap1_final_00005143","hap1","X",186156694,186159667,"NChap1_final_00005143","R_salicifolius_00017830","","OldX"
"97",7114,"X",5235,18042,"NChap1_final_00005235","hap1","X",193082625,193087977,"NChap1_final_00005235","R_salicifolius_00021757","","OldX"
"98",7278,"X",5295,18053,"NChap1_final_00005295","hap1","X",197640477,197642954,"NChap1_final_00005295","R_salicifolius_00021702","","OldX"
"99",7299,"X",5305,18057,"NChap1_final_00005305","hap1","X",198131220,198135359,"NChap1_final_00005305","R_salicifolius_00021693","","OldX"
"100",7349,"X",5337,18064,"NChap1_final_00005337","hap1","X",199750853,199752969,"NChap1_final_00005337","R_salicifolius_00021681","","OldX"
"101",7579,"X",5506,18077,"NChap1_final_00005506","hap1","X",207789668,207793134,"NChap1_final_00005506","R_salicifolius_00018014","","OldX"
"102",7644,"X",5554,18081,"NChap1_final_00005554","hap1","X",210176082,210191294,"NChap1_final_00005554","R_salicifolius_00018171","","OldX"
"103",7669,"X",5572,18078,"NChap1_final_00005572","hap1","X",211151974,211154709,"NChap1_final_00005572","R_salicifolius_00018182","","OldX"
"104",7860,"X",5705,18083,"NChap1_final_00005705","hap1","X",217064995,217068288,"NChap1_final_00005705","R_salicifolius_00018229","","OldX"
"105",7927,"X",5748,18084,"NChap1_final_00005748","hap1","X",220231970,220234606,"NChap1_final_00005748","R_salicifolius_00018201","","OldX"
"106",8143,"X",5910,18086,"NChap1_final_00005910","hap1","X",230014865,230018000,"NChap1_final_00005910","R_salicifolius_00018385","","OldX"
"107",8185,"X",5940,18088,"NChap1_final_00005940","hap1","X",231272813,231275641,"NChap1_final_00005940","R_salicifolius_00018405","","OldX"
"108",8278,"X",6034,18121,"NChap1_final_00006034","hap1","X",236444782,236447094,"NChap1_final_00006034","R_salicifolius_00019195","","OldX"
"109",8289,"X",6044,18094,"NChap1_final_00006044","hap1","X",236568817,236571471,"NChap1_final_00006044","R_salicifolius_00019200","","OldX"
"110",8388,"X",6087,18126,"NChap1_final_00006087","hap1","X",238650322,238654666,"NChap1_final_00006087","R_salicifolius_00019301","","OldX"
"111",8441,"X",6138,18113,"NChap1_final_00006138","hap1","X",240943023,240944415,"NChap1_final_00006138","R_salicifolius_00019377","","OldX"
"112",8687,"X",6355,18149,"NChap1_final_00006355","hap1","X",256412782,256415524,"NChap1_final_00006355","R_salicifolius_00021640","","OldX"
"113",8691,"X",6357,18166,"NChap1_final_00006357","hap1","X",256525023,256529046,"NChap1_final_00006357","R_salicifolius_00021638","","OldX"
"114",8693,"X",6359,18165,"NChap1_final_00006359","hap1","X",256570577,256572787,"NChap1_final_00006359","R_salicifolius_00021637","","OldX"
"115",8740,"X",6393,18150,"NChap1_final_00006393","hap1","X",258134158,258135375,"NChap1_final_00006393","R_salicifolius_00021630","","OldX"
"116",8760,"X",6414,18158,"NChap1_final_00006414","hap1","X",260090915,260095585,"NChap1_final_00006414","R_salicifolius_00021622","","OldX"
"117",8766,"X",6420,18151,"NChap1_final_00006420","hap1","X",260575631,260578032,"NChap1_final_00006420","R_salicifolius_00021618","","OldX"
"118",8929,"X",6542,18171,"NChap1_final_00006542","hap1","X",270533827,270537933,"NChap1_final_00006542","R_salicifolius_00015484","","NewX"
"119",8946,"X",6554,18169,"NChap1_final_00006554","hap1","X",271073298,271074236,"NChap1_final_00006554","R_salicifolius_00015549","","NewX"
"120",9262,"X",6767,18173,"NChap1_final_00006767","hap1","X",287846009,287849562,"NChap1_final_00006767","R_salicifolius_00021238","","NewX"
"121",9575,"X",6994,18178,"NChap1_final_00006994","hap1","X",307129518,307132338,"NChap1_final_00006994","R_salicifolius_00009442","","NewX"
"122",10254,"X",7496,18180,"NChap1_final_00007496","hap1","X",348277807,348280334,"NChap1_final_00007496","R_salicifolius_00017532","","NewX"
"123",10359,"X",7566,18185,"NChap1_final_00007566","hap1","X",353520476,353522931,"NChap1_final_00007566","R_salicifolius_00017579","","NewX"
"124",10417,"X",7611,18186,"NChap1_final_00007611","hap1","X",356339767,356345319,"NChap1_final_00007611","R_salicifolius_00017597","","NewX"
"125",10958,"X",8033,18191,"NChap1_final_00008033","hap1","X",384811679,384812799,"NChap1_final_00008033","R_salicifolius_00009695","","PAR2"
"126",11025,"X",8081,18192,"NChap1_final_00008081","hap1","X",387491714,387494081,"NChap1_final_00008081","R_salicifolius_00009736","","PAR2"
"127",11190,"X",8215,18195,"NChap1_final_00008215","hap1","X",392864442,392868043,"NChap1_final_00008215","R_salicifolius_00009851","","PAR2"
"128",11469,"X",8414,18202,"NChap1_final_00008414","hap1","X",401134485,401135310,"NChap1_final_00008414","R_salicifolius_00006199","","PAR2"
"129",11621,"X",8530,18201,"NChap1_final_00008530","hap1","X",404789952,404791843,"NChap1_final_00008530","R_salicifolius_00006135","","PAR2"
"130",11705,"X",8595,18203,"NChap1_final_00008595","hap1","X",406641591,406644632,"NChap1_final_00008595","R_salicifolius_00006107","","PAR2"
"131",12031,"X",8849,18208,"NChap1_final_00008849","hap1","X",417226185,417229828,"NChap1_final_00008849","R_salicifolius_00006556","","PAR2"
"132",12048,"X",8861,18207,"NChap1_final_00008861","hap1","X",417789693,417791242,"NChap1_final_00008861","R_salicifolius_00006543","","PAR2"
"133",12643,"X",9239,18213,"NChap1_final_00009239","hap1","X",435292076,435298872,"NChap1_final_00009239","R_salicifolius_00006332","","PAR2"
"134",12771,"X",9307,18215,"NChap1_final_00009307","hap1","X",438157395,438160111,"NChap1_final_00009307","R_salicifolius_00006387","","PAR2"
"135",12802,"X",9327,18214,"NChap1_final_00009327","hap1","X",438735586,438737253,"NChap1_final_00009327","R_salicifolius_00006877","","PAR2"
"136",12901,"X",9403,18230,"NChap1_final_00009403","hap1","X",441676641,441681676,"NChap1_final_00009403","R_salicifolius_00006932","","PAR2"
"137",12903,"X",9404,18231,"NChap1_final_00009404","hap1","X",441682313,441685878,"NChap1_final_00009404","R_salicifolius_00006931","","PAR2"
"138",13103,"X",9543,18228,"NChap1_final_00009543","hap1","X",445452257,445461899,"NChap1_final_00009543","R_salicifolius_00008147","","PAR2"
"139",13169,"X",9589,18225,"NChap1_final_00009589","hap1","X",446683396,446685777,"NChap1_final_00009589","R_salicifolius_00008258","","PAR2"
"140",13208,"X",9629,18222,"NChap1_final_00009629","hap1","X",447924257,447926263,"NChap1_final_00009629","R_salicifolius_00008287","","PAR2"
"141",13266,"X",9666,18232,"NChap1_final_00009666","hap1","X",448976682,448978272,"NChap1_final_00009666","R_salicifolius_00008324","","PAR2"
"142",13322,"X",9714,18233,"NChap1_final_00009714","hap1","X",449942436,449946296,"NChap1_final_00009714","R_salicifolius_00008349","","PAR2"
"143",13565,"X",9938,16886,"NChap1_final_00009938","hap1","X",454711861,454714681,"NChap1_final_00009938","R_salicifolius_00007829","","PAR2"
"144",13568,"X",9940,16887,"NChap1_final_00009940","hap1","X",454743769,454746764,"NChap1_final_00009940","R_salicifolius_00007832","","PAR2"
"145",13724,"X",10078,16888,"NChap1_final_00010078","hap1","X",457526851,457527759,"NChap1_final_00010078","R_salicifolius_00007987","","PAR2"
"146",13812,"X",10160,16890,"NChap1_final_00010160","hap1","X",459337845,459341792,"NChap1_final_00010160","R_salicifolius_00007947","","PAR2"
"147",13867,"X",10207,16891,"NChap1_final_00010207","hap1","X",460088229,460091259,"NChap1_final_00010207","R_salicifolius_00007926","","PAR2"
"148",13869,"X",10208,16892,"NChap1_final_00010208","hap1","X",460094686,460105196,"NChap1_final_00010208","R_salicifolius_00007925","","PAR2"
"149",13930,"X",10261,16899,"NChap1_final_00010261","hap1","X",461282370,461285016,"NChap1_final_00010261","R_salicifolius_00007897","","PAR2"
"150",14024,"X",10338,16897,"NChap1_final_00010338","hap1","X",463039449,463040507,"NChap1_final_00010338","R_salicifolius_00008026","","PAR2"
"151",14063,"X",10372,16910,"NChap1_final_00010372","hap1","X",463662085,463664814,"NChap1_final_00010372","R_salicifolius_00007500","","PAR2"
"152",14097,"X",10402,16898,"NChap1_final_00010402","hap1","X",464078214,464081300,"NChap1_final_00010402","R_salicifolius_00007533","","PAR2"
"153",14107,"X",10409,16906,"NChap1_final_00010409","hap1","X",464185207,464190841,"NChap1_final_00010409","R_salicifolius_00007539","","PAR2"
"154",14120,"X",10417,16907,"NChap1_final_00010417","hap1","X",464277033,464279498,"NChap1_final_00010417","R_salicifolius_00007547","","PAR2"
"155",14163,"X",10458,16901,"NChap1_final_00010458","hap1","X",464892720,464895278,"NChap1_final_00010458","R_salicifolius_00007573","","PAR2"
"156",14175,"X",10471,16903,"NChap1_final_00010471","hap1","X",465073363,465074286,"NChap1_final_00010471","R_salicifolius_00007590","","PAR2"
"157",14282,"X",10567,16911,"NChap1_final_00010567","hap1","X",466730750,466739508,"NChap1_final_00010567","R_salicifolius_00007641","","PAR2"
"158",14284,"X",10568,16912,"NChap1_final_00010568","hap1","X",466739886,466743556,"NChap1_final_00010568","R_salicifolius_00007642","","PAR2"
"159",14705,"X",10900,16922,"NChap1_final_00010900","hap1","X",472147019,472150283,"NChap1_final_00010900","R_salicifolius_00007056","","PAR2"
"160",14707,"X",10902,16923,"NChap1_final_00010902","hap1","X",472168382,472170596,"NChap1_final_00010902","R_salicifolius_00007058","","PAR2"
"161",14849,"X",11002,16920,"NChap1_final_00011002","hap1","X",474117950,474119898,"NChap1_final_00011002","R_salicifolius_00008085","","PAR2"
"162",14857,"X",11009,16932,"NChap1_final_00011009","hap1","X",474195115,474201176,"NChap1_final_00011009","R_salicifolius_00008081","","PAR2"
"163",14973,"X",11095,16924,"NChap1_final_00011095","hap1","X",475900054,475903258,"NChap1_final_00011095","R_salicifolius_00007668","","PAR2"
"164",15026,"X",11137,16928,"NChap1_final_00011137","hap1","X",476689788,476691668,"NChap1_final_00011137","R_salicifolius_00008230","","PAR2"
"165",15060,"X",11162,16927,"NChap1_final_00011162","hap1","X",477014665,477017744,"NChap1_final_00011162","R_salicifolius_00008209","","PAR2"
"166",15139,"X",11224,16930,"NChap1_final_00011224","hap1","X",477852490,477855158,"NChap1_final_00011224","R_salicifolius_00008158","","PAR2"
"167",15162,"X",11245,16925,"NChap1_final_00011245","hap1","X",478137239,478139181,"NChap1_final_00011245","R_salicifolius_00007322","","PAR2"
"168",15361,"X",11395,16931,"NChap1_final_00011395","hap1","X",480004992,480006097,"NChap1_final_00011395","R_salicifolius_00007707","","PAR2"
"169",15374,"X",11406,16936,"NChap1_final_00011406","hap1","X",480212400,480215951,"NChap1_final_00011406","R_salicifolius_00007716","","PAR2"
"170",15384,"X",11415,16937,"NChap1_final_00011415","hap1","X",480286774,480289194,"NChap1_final_00011415","R_salicifolius_00007723","","PAR2"
"171",15461,"X",11468,16941,"NChap1_final_00011468","hap1","X",480938715,480940699,"NChap1_final_00011468","R_salicifolius_00007760","","PAR2"
"172",15463,"X",11470,16942,"NChap1_final_00011470","hap1","X",480951926,480953436,"NChap1_final_00011470","R_salicifolius_00007762","","PAR2"
"173",15465,"X",11472,16943,"NChap1_final_00011472","hap1","X",480961255,480961806,"NChap1_final_00011472","R_salicifolius_00007764","","PAR2"
"174",15566,"X",11559,16940,"NChap1_final_00011559","hap1","X",481924717,481927718,"NChap1_final_00011559","R_salicifolius_00007382","","PAR2"
"175",15599,"X",11588,16947,"NChap1_final_00011588","hap1","X",482172766,482174899,"NChap1_final_00011588","R_salicifolius_00007397","","PAR2"
"176",15645,"X",11618,16949,"NChap1_final_00011618","hap1","X",482538157,482539831,"NChap1_final_00011618","R_salicifolius_00007429","","PAR2"
"177",15647,"X",11620,16950,"NChap1_final_00011620","hap1","X",482551818,482556616,"NChap1_final_00011620","R_salicifolius_00007431","","PAR2"
"178",15729,"A1",11679,17114,"NChap1_final_00011679","hap1","A1",954499,958798,"NChap1_final_00011679","R_salicifolius_00013233","","A1"
"179",15766,"A1",11707,17116,"NChap1_final_00011707","hap1","A1",1111142,1113221,"NChap1_final_00011707","R_salicifolius_00013261","","A1"
"180",15778,"A1",11720,17117,"NChap1_final_00011720","hap1","A1",1224844,1227468,"NChap1_final_00011720","R_salicifolius_00013263","","A1"
"181",16087,"A1",11959,17127,"NChap1_final_00011959","hap1","A1",4190548,4194482,"NChap1_final_00011959","R_salicifolius_00004320","","A1"
"182",16698,"A1",12454,17134,"NChap1_final_00012454","hap1","A1",12277204,12280870,"NChap1_final_00012454","R_salicifolius_00004087","","A1"
"183",16729,"A1",12475,17135,"NChap1_final_00012475","hap1","A1",12574566,12577358,"NChap1_final_00012475","R_salicifolius_00004071","","A1"
"184",16735,"A1",12477,17136,"NChap1_final_00012477","hap1","A1",12588309,12591965,"NChap1_final_00012477","R_salicifolius_00004064","","A1"
"185",16911,"A1",12623,17141,"NChap1_final_00012623","hap1","A1",15515754,15528614,"NChap1_final_00012623","R_salicifolius_00004049","","A1"
"186",17140,"A1",12806,17143,"NChap1_final_00012806","hap1","A1",19179419,19179958,"NChap1_final_00012806","R_salicifolius_00003860","","A1"
"187",17198,"A1",12866,17144,"NChap1_final_00012866","hap1","A1",21092723,21093323,"NChap1_final_00012866","R_salicifolius_00003110","","A1"
"188",17418,"A1",13041,17148,"NChap1_final_00013041","hap1","A1",26301319,26304685,"NChap1_final_00013041","R_salicifolius_00003022","","A1"
"189",17429,"A1",13049,17149,"NChap1_final_00013049","hap1","A1",26466373,26467044,"NChap1_final_00013049","R_salicifolius_00003019","","A1"
"190",17448,"A1",13065,17150,"NChap1_final_00013065","hap1","A1",27273546,27274803,"NChap1_final_00013065","R_salicifolius_00003015","","A1"
"191",17598,"A1",13190,17151,"NChap1_final_00013190","hap1","A1",32470896,32472541,"NChap1_final_00013190","R_salicifolius_00002966","","A1"
"192",17880,"A1",13422,17156,"NChap1_final_00013422","hap1","A1",45527466,45528590,"NChap1_final_00013422","R_salicifolius_00003602","","A1"
"193",17967,"A1",13489,17161,"NChap1_final_00013489","hap1","A1",49778684,49781386,"NChap1_final_00013489","R_salicifolius_00003647","","A1"
"194",18049,"A1",13557,17164,"NChap1_final_00013557","hap1","A1",55645420,55649233,"NChap1_final_00013557","R_salicifolius_00003670","","A1"
"195",18455,"A1",13867,17170,"NChap1_final_00013867","hap1","A1",78321072,78323147,"NChap1_final_00013867","R_salicifolius_00020595","","A1"
"196",18956,"A1",14169,17175,"NChap1_final_00014169","hap1","A1",100079356,100080449,"NChap1_final_00014169","R_salicifolius_00020947","","A1"
"197",19813,"A1",14754,17178,"NChap1_final_00014754","hap1","A1",150484447,150487702,"NChap1_final_00014754","R_salicifolius_00003771","","A1"
"198",20122,"A1",14990,17190,"NChap1_final_00014990","hap1","A1",173111929,173115454,"NChap1_final_00014990","R_salicifolius_00020714","","A1"
"199",20133,"A1",14999,17183,"NChap1_final_00014999","hap1","A1",173284872,173286680,"NChap1_final_00014999","R_salicifolius_00020710","","A1"
"200",20177,"A1",15038,17186,"NChap1_final_00015038","hap1","A1",175365990,175376697,"NChap1_final_00015038","R_salicifolius_00020696","","A1"
"201",20366,"A1",15173,17194,"NChap1_final_00015173","hap1","A1",181805674,181810495,"NChap1_final_00015173","R_salicifolius_00020792","","A1"
"202",20398,"A1",15195,17193,"NChap1_final_00015195","hap1","A1",182934410,182939308,"NChap1_final_00015195","R_salicifolius_00020813","","A1"
"203",20721,"A1",15436,17198,"NChap1_final_00015436","hap1","A1",195053122,195054624,"NChap1_final_00015436","R_salicifolius_00020376","","A1"
"204",20904,"A1",15588,17200,"NChap1_final_00015588","hap1","A1",200171716,200174752,"NChap1_final_00015588","R_salicifolius_00020310","","A1"
"205",21405,"A1",16010,17216,"NChap1_final_00016010","hap1","A1",216647717,216651121,"NChap1_final_00016010","R_salicifolius_00020074","","A1"
"206",21411,"A1",16015,17217,"NChap1_final_00016015","hap1","A1",216671378,216675066,"NChap1_final_00016015","R_salicifolius_00020069","","A1"
"207",21689,"A1",16256,17215,"NChap1_final_00016256","hap1","A1",220804986,220807037,"NChap1_final_00016256","R_salicifolius_00016986","","A1"
"208",21885,"A1",16418,17218,"NChap1_final_00016418","hap1","A1",224511958,224515561,"NChap1_final_00016418","R_salicifolius_00017385","","A1"
"209",22190,"A1",16674,17228,"NChap1_final_00016674","hap1","A1",231201437,231204824,"NChap1_final_00016674","R_salicifolius_00016225","","A1"
"210",22329,"A1",16787,17231,"NChap1_final_00016787","hap1","A1",234276642,234278016,"NChap1_final_00016787","R_salicifolius_00016182","","A1"
"211",22873,"A1",17169,17243,"NChap1_final_00017169","hap1","A1",245454381,245457831,"NChap1_final_00017169","R_salicifolius_00016570","","A1"
"212",22932,"A1",17205,17241,"NChap1_final_00017205","hap1","A1",248270248,248270821,"NChap1_final_00017205","R_salicifolius_00008870","","A1"
"213",23042,"A1",17277,17245,"NChap1_final_00017277","hap1","A1",251369556,251372795,"NChap1_final_00017277","R_salicifolius_00008819","","A1"
"214",23186,"A1",17388,17248,"NChap1_final_00017388","hap1","A1",254355126,254357316,"NChap1_final_00017388","R_salicifolius_00016750","","A1"
"215",23236,"A1",17422,17247,"NChap1_final_00017422","hap1","A1",254961366,254963930,"NChap1_final_00017422","R_salicifolius_00016779","","A1"
"216",23599,"A1",17705,17255,"NChap1_final_00017705","hap1","A1",262464241,262467587,"NChap1_final_00017705","R_salicifolius_00017278","","A1"
"217",23672,"A1",17758,17257,"NChap1_final_00017758","hap1","A1",264816362,264819745,"NChap1_final_00017758","R_salicifolius_00017236","","A1"
"218",23839,"A1",17894,17259,"NChap1_final_00017894","hap1","A1",269698336,269717990,"NChap1_final_00017894","R_salicifolius_00017184","","A1"
"219",23861,"A1",17908,17260,"NChap1_final_00017908","hap1","A1",270104045,270106895,"NChap1_final_00017908","R_salicifolius_00017176","","A1"
"220",23884,"A1",17925,17263,"NChap1_final_00017925","hap1","A1",270717656,270719847,"NChap1_final_00017925","R_salicifolius_00017161","","A1"
"221",24061,"A1",18069,17262,"NChap1_final_00018069","hap1","A1",274852087,274856441,"NChap1_final_00018069","R_salicifolius_00016681","","A1"
"222",24195,"A1",18168,17271,"NChap1_final_00018168","hap1","A1",277839659,277841906,"NChap1_final_00018168","R_salicifolius_00016611","","A1"
"223",24229,"A1",18194,17273,"NChap1_final_00018194","hap1","A1",278400513,278403997,"NChap1_final_00018194","R_salicifolius_00016597","","A1"
"224",24300,"A1",18252,17274,"NChap1_final_00018252","hap1","A1",280026967,280029670,"NChap1_final_00018252","R_salicifolius_00017745","","A1"
"225",24710,"A1",18583,17283,"NChap1_final_00018583","hap1","A1",296061416,296063610,"NChap1_final_00018583","R_salicifolius_00009464","","A1"
"226",24783,"A1",18625,17282,"NChap1_final_00018625","hap1","A1",297477689,297480213,"NChap1_final_00018625","R_salicifolius_00009468","","A1"
"227",24941,"A1",18752,17284,"NChap1_final_00018752","hap1","A1",306829256,306854892,"NChap1_final_00018752","R_salicifolius_00009325","","A1"
"228",25388,"A1",19062,17286,"NChap1_final_00019062","hap1","A1",331100261,331119019,"NChap1_final_00019062","R_salicifolius_00009181","","A1"
"229",26900,"A1",20073,17301,"NChap1_final_00020073","hap1","A1",414478278,414480480,"NChap1_final_00020073","R_salicifolius_00015141","","A1"
"230",26911,"A1",20081,17302,"NChap1_final_00020081","hap1","A1",415206319,415211238,"NChap1_final_00020081","R_salicifolius_00015148","","A1"
"231",27081,"A1",20210,17305,"NChap1_final_00020210","hap1","A1",424252195,424255186,"NChap1_final_00020210","R_salicifolius_00015218","","A1"
"232",27087,"A1",20214,17314,"NChap1_final_00020214","hap1","A1",424353235,424358559,"NChap1_final_00020214","R_salicifolius_00015223","","A1"
"233",27159,"A1",20266,17307,"NChap1_final_00020266","hap1","A1",426888394,426890066,"NChap1_final_00020266","R_salicifolius_00015252","","A1"
"234",27179,"A1",20282,17306,"NChap1_final_00020282","hap1","A1",427490646,427492377,"NChap1_final_00020282","R_salicifolius_00015257","","A1"
"235",27255,"A1",20343,17312,"NChap1_final_00020343","hap1","A1",432370684,432372667,"NChap1_final_00020343","R_salicifolius_00015395","","A1"
"236",27349,"A1",20420,17321,"NChap1_final_00020420","hap1","A1",435670097,435671500,"NChap1_final_00020420","R_salicifolius_00015366","","A1"
"237",27480,"A1",20522,17329,"NChap1_final_00020522","hap1","A1",441638647,441641402,"NChap1_final_00020522","R_salicifolius_00015314","","A1"
"238",27576,"A1",20602,17327,"NChap1_final_00020602","hap1","A1",444388702,444393598,"NChap1_final_00020602","R_salicifolius_00000644","","A1"
"239",27613,"A1",20632,17328,"NChap1_final_00020632","hap1","A1",445313997,445318068,"NChap1_final_00020632","R_salicifolius_00000656","","A1"
"240",27639,"A1",20654,17331,"NChap1_final_00020654","hap1","A1",445977254,445978526,"NChap1_final_00020654","R_salicifolius_00000674","","A1"
"241",28009,"A1",20926,17338,"NChap1_final_00020926","hap1","A1",454628933,454631347,"NChap1_final_00020926","R_salicifolius_00001274","","A1"
"242",28390,"A1",21215,17342,"NChap1_final_00021215","hap1","A1",460178494,460181600,"NChap1_final_00021215","R_salicifolius_00000045","","A1"
"243",28474,"A1",21266,17349,"NChap1_final_00021266","hap1","A1",460917897,460921458,"NChap1_final_00021266","R_salicifolius_00005977","","A1"
"244",28514,"A1",21283,17347,"NChap1_final_00021283","hap1","A1",461125432,461130793,"NChap1_final_00021283","R_salicifolius_00002793","","A1"
"245",28742,"A1",21457,17358,"NChap1_final_00021457","hap1","A1",463577271,463580677,"NChap1_final_00021457","R_salicifolius_00000412","","A1"
"246",28803,"A1",21502,17350,"NChap1_final_00021502","hap1","A1",464180031,464185441,"NChap1_final_00021502","R_salicifolius_00000448","","A1"
"247",28867,"A1",21549,17359,"NChap1_final_00021549","hap1","A1",464645662,464649540,"NChap1_final_00021549","R_salicifolius_00000483","","A1"
"248",28878,"A1",21559,17356,"NChap1_final_00021559","hap1","A1",464900306,464901438,"NChap1_final_00021559","R_salicifolius_00000486","","A1"
"249",28879,"A1",21560,17353,"NChap1_final_00021560","hap1","A1",464901730,464902946,"NChap1_final_00021560","R_salicifolius_00000487","","A1"
"250",28941,"A1",21604,17357,"NChap1_final_00021604","hap1","A1",465483968,465486909,"NChap1_final_00021604","R_salicifolius_00000539","","A1"
"251",29159,"A2",21779,17390,"NChap1_final_00021779","hap1","A2",1879940,1881292,"NChap1_final_00021779","R_salicifolius_00022074","","A2"
"252",29367,"A2",21957,17398,"NChap1_final_00021957","hap1","A2",3942675,3944358,"NChap1_final_00021957","R_salicifolius_00010631","","A2"
"253",29522,"A2",22091,17401,"NChap1_final_00022091","hap1","A2",5997572,6000843,"NChap1_final_00022091","R_salicifolius_00008900","","A2"
"254",29545,"A2",22112,17403,"NChap1_final_00022112","hap1","A2",6268327,6270590,"NChap1_final_00022112","R_salicifolius_00008975","","A2"
"255",29547,"A2",22113,17404,"NChap1_final_00022113","hap1","A2",6271151,6274104,"NChap1_final_00022113","R_salicifolius_00008974","","A2"
"256",29834,"A2",22336,17413,"NChap1_final_00022336","hap1","A2",10254720,10256548,"NChap1_final_00022336","R_salicifolius_00010556","","A2"
"257",29870,"A2",22362,17414,"NChap1_final_00022362","hap1","A2",10604129,10609257,"NChap1_final_00022362","R_salicifolius_00010523","","A2"
"258",29904,"A2",22387,17417,"NChap1_final_00022387","hap1","A2",10880469,10883637,"NChap1_final_00022387","R_salicifolius_00010505","","A2"
"259",29964,"A2",22435,17421,"NChap1_final_00022435","hap1","A2",11537881,11540041,"NChap1_final_00022435","R_salicifolius_00010473","","A2"
"260",29965,"A2",22436,17422,"NChap1_final_00022436","hap1","A2",11541827,11543955,"NChap1_final_00022436","R_salicifolius_00010472","","A2"
"261",30237,"A2",22649,17428,"NChap1_final_00022649","hap1","A2",15573711,15578115,"NChap1_final_00022649","R_salicifolius_00008577","","A2"
"262",30292,"A2",22695,17430,"NChap1_final_00022695","hap1","A2",16566987,16568734,"NChap1_final_00022695","R_salicifolius_00010249","","A2"
"263",30315,"A2",22708,17431,"NChap1_final_00022708","hap1","A2",16847046,16849251,"NChap1_final_00022708","R_salicifolius_00010257","","A2"
"264",30401,"A2",22773,17432,"NChap1_final_00022773","hap1","A2",18312383,18434939,"NChap1_final_00022773","R_salicifolius_00010314","","A2"
"265",30688,"A2",22994,17443,"NChap1_final_00022994","hap1","A2",24328770,24331181,"NChap1_final_00022994","R_salicifolius_00008716","","A2"
"266",30751,"A2",23051,17451,"NChap1_final_00023051","hap1","A2",24933453,24934638,"NChap1_final_00023051","R_salicifolius_00008680","","A2"
"267",30948,"A2",23213,17456,"NChap1_final_00023213","hap1","A2",28203450,28205214,"NChap1_final_00023213","R_salicifolius_00022172","","A2"
"268",31002,"A2",23256,17463,"NChap1_final_00023256","hap1","A2",28950353,28952473,"NChap1_final_00023256","R_salicifolius_00022211","","A2"
"269",31064,"A2",23301,17465,"NChap1_final_00023301","hap1","A2",29744210,29746073,"NChap1_final_00023301","R_salicifolius_00008480","","A2"
"270",31123,"A2",23343,17464,"NChap1_final_00023343","hap1","A2",30605366,30607040,"NChap1_final_00023343","R_salicifolius_00009088","","A2"
"271",31366,"A2",23546,17469,"NChap1_final_00023546","hap1","A2",36894501,36897548,"NChap1_final_00023546","R_salicifolius_00010157","","A2"
"272",31442,"A2",23603,17471,"NChap1_final_00023603","hap1","A2",38705781,38710007,"NChap1_final_00023603","R_salicifolius_00010138","","A2"
"273",31566,"A2",23695,17476,"NChap1_final_00023695","hap1","A2",42200055,42203506,"NChap1_final_00023695","R_salicifolius_00010067","","A2"
"274",31801,"A2",23885,17481,"NChap1_final_00023885","hap1","A2",49016306,49065665,"NChap1_final_00023885","R_salicifolius_00009956","","A2"
"275",31838,"A2",23916,17484,"NChap1_final_00023916","hap1","A2",50199967,50201889,"NChap1_final_00023916","R_salicifolius_00009939","","A2"
"276",32066,"A2",24088,17489,"NChap1_final_00024088","hap1","A2",56334940,56343271,"NChap1_final_00024088","R_salicifolius_00009812","","A2"
"277",32075,"A2",24095,17491,"NChap1_final_00024095","hap1","A2",56745889,56753237,"NChap1_final_00024095","R_salicifolius_00009817","","A2"
"278",32252,"A2",24215,17494,"NChap1_final_00024215","hap1","A2",66459204,66461152,"NChap1_final_00024215","R_salicifolius_00012522","","A2"
"279",32373,"A2",24299,17499,"NChap1_final_00024299","hap1","A2",74310066,74311192,"NChap1_final_00024299","R_salicifolius_00012595","","A2"
"280",32479,"A2",24379,17501,"NChap1_final_00024379","hap1","A2",80060339,80061932,"NChap1_final_00024379","R_salicifolius_00012635","","A2"
"281",32553,"A2",24437,17504,"NChap1_final_00024437","hap1","A2",83224325,83225966,"NChap1_final_00024437","R_salicifolius_00012655","","A2"
"282",32913,"A2",24721,17520,"NChap1_final_00024721","hap1","A2",102596160,102598882,"NChap1_final_00024721","R_salicifolius_00012754","","A2"
"283",33124,"A2",24882,17525,"NChap1_final_00024882","hap1","A2",113099532,113100702,"NChap1_final_00024882","R_salicifolius_00012816","","A2"
"284",33786,"A2",25387,17545,"NChap1_final_00025387","hap1","A2",146037238,146039620,"NChap1_final_00025387","R_salicifolius_00013003","","A2"
"285",33939,"A2",25510,17547,"NChap1_final_00025510","hap1","A2",150994820,150999223,"NChap1_final_00025510","R_salicifolius_00013070","","A2"
"286",33977,"A2",25550,17553,"NChap1_final_00025550","hap1","A2",151881386,151883477,"NChap1_final_00025550","R_salicifolius_00013076","","A2"
"287",34056,"A2",25606,17557,"NChap1_final_00025606","hap1","A2",154340969,154343614,"NChap1_final_00025606","R_salicifolius_00013097","","A2"
"288",34078,"A2",25625,17555,"NChap1_final_00025625","hap1","A2",154718565,154722956,"NChap1_final_00025625","R_salicifolius_00013109","","A2"
"289",34201,"A2",25732,17566,"NChap1_final_00025732","hap1","A2",157989551,157992530,"NChap1_final_00025732","R_salicifolius_00013160","","A2"
"290",34212,"A2",25744,17564,"NChap1_final_00025744","hap1","A2",158339548,158341013,"NChap1_final_00025744","R_salicifolius_00013168","","A2"
"291",34213,"A2",25745,17565,"NChap1_final_00025745","hap1","A2",158343354,158346618,"NChap1_final_00025745","R_salicifolius_00013169","","A2"
"292",34320,"A2",25840,17581,"NChap1_final_00025840","hap1","A2",162725649,162734206,"NChap1_final_00025840","R_salicifolius_00005985","","A2"
"293",34346,"A2",25862,17573,"NChap1_final_00025862","hap1","A2",163244595,163250782,"NChap1_final_00025862","R_salicifolius_00005361","","A2"
"294",34538,"A2",26014,17584,"NChap1_final_00026014","hap1","A2",169567879,169570148,"NChap1_final_00026014","R_salicifolius_00005843","","A2"
"295",34992,"A2",26354,17599,"NChap1_final_00026354","hap1","A2",190077290,190079124,"NChap1_final_00026354","R_salicifolius_00005619","","A2"
"296",35092,"A2",26416,17602,"NChap1_final_00026416","hap1","A2",193196554,193198033,"NChap1_final_00026416","R_salicifolius_00005678","","A2"
"297",35153,"A2",26459,17605,"NChap1_final_00026459","hap1","A2",194744914,194747400,"NChap1_final_00026459","R_salicifolius_00005552","","A2"
"298",35161,"A2",26465,17604,"NChap1_final_00026465","hap1","A2",194973875,194977310,"NChap1_final_00026465","R_salicifolius_00005544","","A2"
"299",35248,"A2",26522,17607,"NChap1_final_00026522","hap1","A2",198617652,198621530,"NChap1_final_00026522","R_salicifolius_00005445","","A2"
"300",36197,"A2",27189,17633,"NChap1_final_00027189","hap1","A2",231850927,231855045,"NChap1_final_00027189","R_salicifolius_00004867","","A2"
"301",36233,"A2",27216,17631,"NChap1_final_00027216","hap1","A2",232665791,232667107,"NChap1_final_00027216","R_salicifolius_00004895","","A2"
"302",37174,"A2",27864,17657,"NChap1_final_00027864","hap1","A2",259422355,259424654,"NChap1_final_00027864","R_salicifolius_00002696","","A2"
"303",37216,"A2",27905,17663,"NChap1_final_00027905","hap1","A2",260707648,260709935,"NChap1_final_00027905","R_salicifolius_00010766","","A2"
"304",37249,"A2",27926,17661,"NChap1_final_00027926","hap1","A2",261172709,261174119,"NChap1_final_00027926","R_salicifolius_00010787","","A2"
"305",37521,"A2",28116,17672,"NChap1_final_00028116","hap1","A2",265111513,265120199,"NChap1_final_00028116","R_salicifolius_00003426","","A2"
"306",37863,"A2",28365,17677,"NChap1_final_00028365","hap1","A2",270327767,270329052,"NChap1_final_00028365","R_salicifolius_00002398","","A2"
"307",38066,"A2",28482,17680,"NChap1_final_00028482","hap1","A2",272241594,272246312,"NChap1_final_00028482","R_salicifolius_00002065","","A2"
"308",38339,"A2",28673,17694,"NChap1_final_00028673","hap1","A2",275642932,275645139,"NChap1_final_00028673","R_salicifolius_00005182","","A2"
"309",38349,"A2",28675,17695,"NChap1_final_00028675","hap1","A2",275649717,275660789,"NChap1_final_00028675","R_salicifolius_00005160","","A2"
"310",38381,"A2",28696,17691,"NChap1_final_00028696","hap1","A2",276466900,276469906,"NChap1_final_00028696","R_salicifolius_00005217","","A2"
"311",38384,"A2",28698,17692,"NChap1_final_00028698","hap1","A2",276478619,276484515,"NChap1_final_00028698","R_salicifolius_00005211","","A2"
"312",38421,"A2",28719,17690,"NChap1_final_00028719","hap1","A2",276962799,276965714,"NChap1_final_00028719","R_salicifolius_00005032","","A2"
"313",38449,"A2",28739,17698,"NChap1_final_00028739","hap1","A2",277318624,277322449,"NChap1_final_00028739","R_salicifolius_00005010","","A2"
"314",38794,"A2",29001,17707,"NChap1_final_00029001","hap1","A2",283014233,283017004,"NChap1_final_00029001","R_salicifolius_00012386","","A2"
"315",39031,"A2",29176,17720,"NChap1_final_00029176","hap1","A2",287295453,287297395,"NChap1_final_00029176","R_salicifolius_00012398","","A2"
"316",39485,"A2",29507,17740,"NChap1_final_00029507","hap1","A2",297858106,297865702,"NChap1_final_00029507","R_salicifolius_00003437","","A2"
"317",40007,"A2",29882,17760,"NChap1_final_00029882","hap1","A2",307333010,307334643,"NChap1_final_00029882","R_salicifolius_00011726","","A2"
"318",40008,"A2",29883,17761,"NChap1_final_00029883","hap1","A2",307344747,307347880,"NChap1_final_00029883","R_salicifolius_00011727","","A2"
"319",40023,"A2",29896,17762,"NChap1_final_00029896","hap1","A2",307603375,307607513,"NChap1_final_00029896","R_salicifolius_00011741","","A2"
"320",40130,"A2",29968,17764,"NChap1_final_00029968","hap1","A2",308788637,308790777,"NChap1_final_00029968","R_salicifolius_00011623","","A2"
"321",40166,"A2",29994,17772,"NChap1_final_00029994","hap1","A2",309402824,309404994,"NChap1_final_00029994","R_salicifolius_00011569","","A2"
"322",40321,"A2",30108,17781,"NChap1_final_00030108","hap1","A2",311518410,311520913,"NChap1_final_00030108","R_salicifolius_00011504","","A2"
"323",40327,"A2",30113,17782,"NChap1_final_00030113","hap1","A2",311536433,311538904,"NChap1_final_00030113","R_salicifolius_00011501","","A2"
"324",40416,"A2",30169,17777,"NChap1_final_00030169","hap1","A2",312361530,312365616,"NChap1_final_00030169","R_salicifolius_00011452","","A2"
"325",40478,"A2",30210,17790,"NChap1_final_00030210","hap1","A2",313020953,313024084,"NChap1_final_00030210","R_salicifolius_00011750","","A2"
"326",40521,"A2",30238,17783,"NChap1_final_00030238","hap1","A2",313544314,313545961,"NChap1_final_00030238","R_salicifolius_00011777","","A2"
"327",41031,"A2",30608,17798,"NChap1_final_00030608","hap1","A2",318697416,318699844,"NChap1_final_00030608","R_salicifolius_00011172","","A2"
"328",41062,"A2",30629,17810,"NChap1_final_00030629","hap1","A2",318946945,318948630,"NChap1_final_00030629","R_salicifolius_00011197","","A2"
"329",41084,"A2",30648,17807,"NChap1_final_00030648","hap1","A2",319066431,319068108,"NChap1_final_00030648","R_salicifolius_00011211","","A2"
"330",41116,"A2",30672,17809,"NChap1_final_00030672","hap1","A2",319415716,319418302,"NChap1_final_00030672","R_salicifolius_00011235","","A2"
"331",41141,"A2",30691,17811,"NChap1_final_00030691","hap1","A2",319720115,319721673,"NChap1_final_00030691","R_salicifolius_00011249","","A2"
"332",41189,"A4",30738,16953,"NChap1_final_00030738","hap1","A4",688254,692361,"NChap1_final_00030738","R_salicifolius_00014298","","A4"
"333",41305,"A4",30830,16962,"NChap1_final_00030830","hap1","A4",1624824,1628275,"NChap1_final_00030830","R_salicifolius_00014020","","A4"
"334",41342,"A4",30865,16958,"NChap1_final_00030865","hap1","A4",1862749,1865825,"NChap1_final_00030865","R_salicifolius_00014042","","A4"
"335",41363,"A4",30884,16966,"NChap1_final_00030884","hap1","A4",2031663,2032976,"NChap1_final_00030884","R_salicifolius_00014057","","A4"
"336",41400,"A4",30916,16961,"NChap1_final_00030916","hap1","A4",2370797,2373604,"NChap1_final_00030916","R_salicifolius_00014518","","A4"
"337",41515,"A4",31004,16964,"NChap1_final_00031004","hap1","A4",3511718,3514968,"NChap1_final_00031004","R_salicifolius_00014445","","A4"
"338",41526,"A4",31014,16967,"NChap1_final_00031014","hap1","A4",3631406,3633754,"NChap1_final_00031014","R_salicifolius_00014438","","A4"
"339",41546,"A4",31031,16969,"NChap1_final_00031031","hap1","A4",3912269,3914368,"NChap1_final_00031031","R_salicifolius_00014427","","A4"
"340",41555,"A4",31039,16970,"NChap1_final_00031039","hap1","A4",4023281,4027638,"NChap1_final_00031039","R_salicifolius_00014421","","A4"
"341",41726,"A4",31185,16975,"NChap1_final_00031185","hap1","A4",5746837,5747920,"NChap1_final_00031185","R_salicifolius_00014562","","A4"
"342",41771,"A4",31223,16974,"NChap1_final_00031223","hap1","A4",6252850,6255338,"NChap1_final_00031223","R_salicifolius_00014536","","A4"
"343",41835,"A4",31269,16981,"NChap1_final_00031269","hap1","A4",6866233,6867977,"NChap1_final_00031269","R_salicifolius_00014103","","A4"
"344",41897,"A4",31319,16987,"NChap1_final_00031319","hap1","A4",7354706,7356497,"NChap1_final_00031319","R_salicifolius_00015457","","A4"
"345",41928,"A4",31341,16979,"NChap1_final_00031341","hap1","A4",7654393,7656726,"NChap1_final_00031341","R_salicifolius_00015437","","A4"
"346",42007,"A4",31411,16994,"NChap1_final_00031411","hap1","A4",8524666,8527338,"NChap1_final_00031411","R_salicifolius_00014896","","A4"
"347",42087,"A4",31476,16996,"NChap1_final_00031476","hap1","A4",9230846,9232089,"NChap1_final_00031476","R_salicifolius_00015067","","A4"
"348",42113,"A4",31497,16997,"NChap1_final_00031497","hap1","A4",9572135,9575351,"NChap1_final_00031497","R_salicifolius_00015050","","A4"
"349",42119,"A4",31502,17000,"NChap1_final_00031502","hap1","A4",9609436,9611761,"NChap1_final_00031502","R_salicifolius_00015047","","A4"
"350",42122,"A4",31504,17001,"NChap1_final_00031504","hap1","A4",9614011,9618163,"NChap1_final_00031504","R_salicifolius_00015046","","A4"
"351",42510,"A4",31805,17006,"NChap1_final_00031805","hap1","A4",14000216,14023140,"NChap1_final_00031805","R_salicifolius_00014662","","A4"
"352",42562,"A4",31854,17011,"NChap1_final_00031854","hap1","A4",14759407,14762556,"NChap1_final_00031854","R_salicifolius_00014688","","A4"
"353",42779,"A4",32023,17018,"NChap1_final_00032023","hap1","A4",17891092,17892507,"NChap1_final_00032023","R_salicifolius_00014790","","A4"
"354",42873,"A4",32100,17021,"NChap1_final_00032100","hap1","A4",19494108,19495142,"NChap1_final_00032100","R_salicifolius_00014835","","A4"
"355",42899,"A4",32123,17024,"NChap1_final_00032123","hap1","A4",19794822,19796572,"NChap1_final_00032123","R_salicifolius_00014850","","A4"
"356",42982,"A4",32191,17025,"NChap1_final_00032191","hap1","A4",20845914,20848280,"NChap1_final_00032191","R_salicifolius_00014248","","A4"
"357",43039,"A4",32235,17029,"NChap1_final_00032235","hap1","A4",21667494,21671655,"NChap1_final_00032235","R_salicifolius_00014211","","A4"
"358",43062,"A4",32255,17027,"NChap1_final_00032255","hap1","A4",22132348,22134815,"NChap1_final_00032255","R_salicifolius_00014197","","A4"
"359",43118,"A4",32306,17030,"NChap1_final_00032306","hap1","A4",22921894,22923286,"NChap1_final_00032306","R_salicifolius_00014170","","A4"
"360",43170,"A4",32343,17031,"NChap1_final_00032343","hap1","A4",23742918,23745410,"NChap1_final_00032343","R_salicifolius_00014135","","A4"
"361",43201,"A4",32367,17032,"NChap1_final_00032367","hap1","A4",24419289,24420598,"NChap1_final_00032367","R_salicifolius_00000626","","A4"
"362",43232,"A4",32394,17035,"NChap1_final_00032394","hap1","A4",24853232,24857146,"NChap1_final_00032394","R_salicifolius_00000605","","A4"
"363",43274,"A4",32426,17039,"NChap1_final_00032426","hap1","A4",25925787,25934129,"NChap1_final_00032426","R_salicifolius_00000584","","A4"
"364",43554,"A4",32658,17048,"NChap1_final_00032658","hap1","A4",31163750,31165377,"NChap1_final_00032658","R_salicifolius_00000069","","A4"
"365",43556,"A4",32659,17049,"NChap1_final_00032659","hap1","A4",31165812,31167886,"NChap1_final_00032659","R_salicifolius_00000070","","A4"
"366",43580,"A4",32680,17045,"NChap1_final_00032680","hap1","A4",31570290,31575670,"NChap1_final_00032680","R_salicifolius_00000086","","A4"
"367",43695,"A4",32769,17051,"NChap1_final_00032769","hap1","A4",33252285,33254252,"NChap1_final_00032769","R_salicifolius_00000151","","A4"
"368",43853,"A4",32896,17053,"NChap1_final_00032896","hap1","A4",35785528,35787428,"NChap1_final_00032896","R_salicifolius_00000244","","A4"
"369",44035,"A4",33044,17058,"NChap1_final_00033044","hap1","A4",39281716,39282938,"NChap1_final_00033044","R_salicifolius_00000821","","A4"
"370",44132,"A4",33116,17063,"NChap1_final_00033116","hap1","A4",41511537,41517348,"NChap1_final_00033116","R_salicifolius_00000867","","A4"
"371",44209,"A4",33177,17066,"NChap1_final_00033177","hap1","A4",44322852,44326698,"NChap1_final_00033177","R_salicifolius_00000911","","A4"
"372",44330,"A4",33288,17070,"NChap1_final_00033288","hap1","A4",47993172,47996008,"NChap1_final_00033288","R_salicifolius_00000965","","A4"
"373",44392,"A4",33351,17071,"NChap1_final_00033351","hap1","A4",49563619,49564520,"NChap1_final_00033351","R_salicifolius_00000345","","A4"
"374",44393,"A4",33352,17072,"NChap1_final_00033352","hap1","A4",49564870,49566941,"NChap1_final_00033352","R_salicifolius_00000346","","A4"
"375",45329,"A4",33912.0454545455,17691,"NChap1_final_00028696","hap1","A2",276466900,276469906,"NChap1_final_00028696","R_salicifolius_00005217","","A2"
"376",45580,"A4",34085,17080,"NChap1_final_00034085","hap1","A4",88429704,88432187,"NChap1_final_00034085","R_salicifolius_00002853","","A4"
"377",45651,"A4",34144,17081,"NChap1_final_00034144","hap1","A4",93637784,93640753,"NChap1_final_00034144","R_salicifolius_00004479","","A4"
"378",46019,"A4",34388,17086,"NChap1_final_00034388","hap1","A4",113509521,113519148,"NChap1_final_00034388","R_salicifolius_00002539","","A4"
"379",46537,"A4",34794,17097,"NChap1_final_00034794","hap1","A4",138022303,138023741,"NChap1_final_00034794","R_salicifolius_00003299","","A4"
"380",46637,"A4",34871,17100,"NChap1_final_00034871","hap1","A4",142469360,142472624,"NChap1_final_00034871","R_salicifolius_00003203","","A4"
"381",46754,"A4",34974,17105,"NChap1_final_00034974","hap1","A4",146853924,146855660,"NChap1_final_00034974","R_salicifolius_00003238","","A4"
